<?xml version="1.0" encoding="UTF-8"?>
<project-private xmlns="http://www.netbeans.org/ns/project-private/1">
    <editor-bookmarks xmlns="http://www.netbeans.org/ns/editor-bookmarks/2" lastBookmarkId="0"/>
    <open-files xmlns="http://www.netbeans.org/ns/projectui-open-files/2">
        <group>
            <file>file:/C:/Users/charn/Downloads/Sudoku/src/nl/elridge/sudoku/view/SudokuPanel.java</file>
            <file>file:/C:/Users/charn/Downloads/Sudoku/src/nl/elridge/sudoku/model/Game.java</file>
            <file>file:/C:/Users/charn/Downloads/Sudoku/src/nl/elridge/sudoku/view/ButtonPanel.java</file>
            <file>file:/C:/Users/charn/Downloads/Sudoku/src/nl/elridge/sudoku/controller/SudokuController.java</file>
            <file>file:/C:/Users/charn/Downloads/Sudoku/src/nl/elridge/sudoku/model/UpdateAction.java</file>
            <file>file:/C:/Users/charn/Downloads/Sudoku/src/nl/elridge/sudoku/view/Sudoku.java</file>
            <file>file:/C:/Users/charn/Downloads/Sudoku/src/nl/elridge/sudoku/view/Field.java</file>
            <file>file:/C:/Users/charn/Downloads/Sudoku/src/nl/elridge/sudoku/controller/ButtonController.java</file>
        </group>
    </open-files>
</project-private>
